1,Cobra stretch ,Workouts/cooldown/cobra_xgeiel,Lay on your front and lift yourself up with your arms straight to stretch your back.
2,Tricep stretch,Workouts/cooldown/tricepstretch_lqeiyq,Place your up and behind your head and push your elbow down to stretch your tricep.
3,Pigeon pose ,Workouts/cooldown/pigeonpose_aijia9,"Lay on your front and pull one knee forward and Infront of the other leg, keep the other leg long to stretch the hip flexors. Switch sides half way "
4,Childs pose ,Workouts/cooldown/childspose_jv83w8,You want to be on your knees and have your knees apart and your toes together. Sit back with your arms stretch forward on your mat.
5,Cat Cow pose ,Workouts/cooldown/catcowpose_zkkqzk,"Get on your hands and knees and push your tummy down and head up, breath, then push you back up and your head down, breath."
6,Butterfly stretch ,Workouts/cooldown/butterflystretch_b3cesx,Sit down and place the soles of your feet together and stretch by leaning forward.
7,Calve stretches ,Workouts/cooldown/calvestretch_gdbtqr,Stand against a wall and push one leg back and stretch the calve muscle. Switch half way 
8,Knees to chest ,Workouts/cooldown/kneestostretch_ysp78f,Lay on your back and pull you knees into your chest and rock from side to side to stretch the lower back.
9,Figure of 4,Workouts/cooldown/figureof4_sdrghc,"Lay on your back and keep one knee bend and place the other ankle over the front, hold behind the thigh and pull into the chest"
10,Wall shoulder stretch ,Workouts/cooldown/wallshoulderstretch_p32og0,Place your hand against a wall and bend down having your arms above your head stretching your shoulders.
11,Seated wide leg straddle ,Workouts/cooldown/seatedwidelegstraddle_mbso65,"Sit with your legs wide apart, then lean forward to stretch."
12,Arm across ,Workouts/cooldown/armcross_prqbdq,"stand or be seated then place the arm across the body and use the other arm to deepen the stretch, placing it behind the forearm "
13,Across the body stretch,Workouts/cooldown/acrossthebodystretch_ur5nrk,"Lay on your back, bring one knee into your chest and twist over the body touching the knee to the ground. Switch half way "
14,Happy baby ,Workouts/cooldown/happybaby_edu3gh,"Lay on your back, bring your knees into your chest and hold onto you feet, pushing into the sky and rocking side to side to stretch."
15,Bicep stretch ,Workouts/cooldown/bicepstretch_fp3f5f,"Stand tall and hold your hand behind your back, then bend forward. Pushing your hands to the sky"