1,Star Jumps,Workouts/warmup/starjumps_doysqa,Jumping from a standing position to a arms out and legs out postition 
2,Running on the spot,Workouts/warmup/runonthespot_fvggy7,"Running on the balls of the feet, moving your arms."
3,walkouts ,Workouts/warmup/walkouts_tgeou2,Stand at the end of your mat and bend at the hip and walk out to the other end of the mat to a plank position then walk back to standing.
4,Arm Swings,Workouts/warmup/armswings_rvxz3n,Standing shooulder width apart and swing the arms up to rotate the shoulder and warm up the back.
5,Marching,Workouts/warmup/marching_ujm9mh,Marching on the spot and swinging arms 
6,Plank to Down Dog ,Workouts/warmup/planktodowndog_2_gpkrbg,Starting into a plank then push your bum back to a down dog.
7,Twists ,Workouts/warmup/twists_qo1yxq,"Stand hip width apart and rotate the body to the left then to the right, twisting gently."
8,Gate Opener,Workouts/warmup/gateopeners_rgltc1,Stand tall and lift one knee up and twist inwards then outwards to stretch the hips. Repeat with the other leg.
9,Hip Hinges,Workouts/warmup/hiphinges_cd44ax,"Stand with your feet hip-width apart and hinge at your hips, lowering your torso while keeping your back straight. Return to the starting position and repeat for 10-15 reps to activate your posterior chain."
10,mountain climbers ,Workouts/warmup/mountainclimbers_vvkrm1,Hold yourself in a plank position and touch one knee at a time into your chest and repeat with the opposite leg.
11,Body weight squat ,Workouts/warmup/bodyweightsquat_zslbqi,"Legs hip width apart and squat down, keeping the back straight."
12,Arm Circles,Workouts/warmup/armcircles_uncani,Stand hip width apart and spread your arms out wide. Keep them arms straight and do small circular motions.
13,Hip circles ,Workouts/warmup/hipcircles_huuyg0,Keep your feet together and create a circling motion with the hips.
14,Neck rolls ,Workouts/warmup/neckrolls_iwiemq,Stand up tall and roll the neck round slowly to stretch.
15,Hip extensions ,Workouts/warmup/hipextensions_nrkzmv,Stand tall and lift you knee up and rotate you hip round like you are stepping over a fence.